timestamp,relative_position,sd2,sin_time_of_night,rolling_mean_hr,rmssd,time_of_night,energy,rolling_hr_range,acceleration_jerk,rolling_mean_acc,rms,lf,rolling_std_acc,zero_crossing,hr_slope,hf,lf_hf,hr_delta
33.021,0.000000,0.000000,1.000000,0.000000,0.000000,6.000000,1646.809216,0.000000,0.018996,1.046250,1.047794,0.000000,0.000000,197.000000,0.000000,0.000000,0.000000,0.000000
64.135,0.001042,0.000000,1.000000,0.000000,0.000000,6.000000,1641.436032,0.000000,0.015866,1.044293,1.046083,0.000000,0.001956,90.000000,0.000000,0.000000,0.000000,0.000000
95.209,0.002085,0.000000,0.999990,0.000000,0.000000,6.016667,1697.862656,0.000000,0.009809,1.050806,1.063911,0.000000,0.009348,638.000000,0.000000,0.000000,0.000000,0.000000
126.376,0.003128,0.000000,0.999990,0.000000,0.000000,6.016667,1592.932864,0.000000,0.040851,1.044534,1.030512,0.000000,0.014940,325.000000,0.000000,0.000000,0.000000,0.000000
157.489,0.004171,0.000000,0.999961,0.000000,0.000000,6.033333,1393.586048,0.000000,0.024080,1.018179,0.963876,0.000000,0.041571,503.000000,0.000000,0.000000,0.000000,0.000000
188.611,0.005213,0.000000,0.999961,0.000000,0.000000,6.033333,1405.489024,0.000000,0.036080,0.985711,0.967983,0.000000,0.029530,653.000000,0.000000,0.000000,0.000000,0.000000
219.706,0.006256,0.000000,0.999914,0.000000,0.000000,6.050000,1692.473856,0.000000,0.040105,0.995062,1.062222,0.000000,0.042746,363.000000,0.000000,0.000000,0.000000,0.000000
250.861,0.007299,44.632780,0.999914,17.114094,37.416572,6.050000,1679.162496,85.570472,0.014469,1.026532,1.058036,0.000000,0.042510,581.000000,17.114094,0.000000,0.000000,85.570472
282.002,0.008342,44.632780,0.999847,34.228188,37.416572,6.066666,1674.153984,85.570472,0.003449,1.056540,1.056457,0.000000,0.000898,663.000000,25.671142,0.000000,0.000000,0.000000
313.166,0.009384,27.422842,0.999847,48.695196,42.163704,6.066666,1672.379776,85.570472,0.007304,1.056654,1.055897,0.000000,0.000771,660.000000,23.024052,0.000000,0.000000,-13.235451
344.300,0.010427,27.422842,0.999762,63.162192,42.163704,6.083333,1668.359424,85.570472,0.009306,1.055623,1.054627,0.000000,0.000772,737.000000,13.143460,0.000000,0.000000,0.000000
375.406,0.011470,27.422842,0.999762,77.629200,42.163704,6.083333,1670.428928,13.235451,0.009851,1.055206,1.055281,0.000000,0.000504,627.000000,-3.970635,0.000000,0.000000,0.000000
406.538,0.012513,46.118796,0.999657,75.726368,64.351976,6.100000,1670.472192,13.235451,0.006719,1.055020,1.055295,0.000000,0.000304,682.000000,-1.902827,0.000000,0.000000,3.721313
437.699,0.013555,39.139356,0.999657,73.909728,52.243776,6.100000,1672.482560,4.152229,0.004308,1.055463,1.055930,0.000000,0.000325,699.000000,1.202577,0.000000,0.000000,0.430915
468.830,0.014598,32.307388,0.999533,74.403360,40.000000,6.116667,1671.691392,4.152229,0.005369,1.055618,1.055680,0.000000,0.000267,667.000000,0.908847,0.000000,0.000000,-1.684104
499.977,0.015641,32.307388,0.999533,74.896984,40.000000,6.116667,1672.330752,4.152229,0.004379,1.055819,1.055882,0.000000,0.000112,663.000000,0.368305,0.000000,0.000000,0.000000
531.134,0.016684,32.307388,0.999390,75.390600,40.000000,6.133333,1672.295040,1.684104,0.006205,1.055794,1.055870,0.000000,0.000093,671.000000,0.419048,0.000000,0.000000,0.000000
562.263,0.017726,32.307388,0.999390,75.139968,40.000000,6.133333,1670.605824,1.684104,0.003282,1.055684,1.055337,0.000000,0.000249,666.000000,0.336821,0.000000,0.000000,0.000000
593.380,0.018769,42.982416,0.999229,73.677464,66.666664,6.150000,1670.872960,5.628387,0.003171,1.055532,1.055421,0.000000,0.000225,667.000000,-1.125677,0.000000,0.000000,-5.628387
624.531,0.019812,27.543302,0.999229,72.585448,51.639780,6.150000,1670.341120,5.628387,0.003500,1.055332,1.055253,0.000000,0.000070,659.000000,-1.654855,0.000000,0.000000,0.168304
655.663,0.020855,42.271592,0.999048,71.803936,51.639780,6.166666,1670.005248,5.628387,0.003355,1.055269,1.055147,0.000000,0.000113,635.000000,-1.327533,0.000000,0.000000,1.552459
686.828,0.021897,76.423832,0.999048,71.595944,51.949928,6.166666,1670.570368,5.628387,0.003310,1.055236,1.055326,17.234170,0.000072,655.000000,0.035902,18.772444,0.194539,2.867729
717.924,0.022940,73.484896,0.998848,71.338880,50.767088,6.183333,1670.341632,4.588493,0.003377,1.055237,1.055254,18.531654,0.000072,659.000000,1.310623,18.910714,0.521472,0.245468
749.103,0.023983,70.837776,0.998848,72.192248,50.176160,6.183333,1670.331520,4.420189,0.003327,1.055271,1.055250,18.264748,0.000034,650.000000,1.081934,18.690260,0.502854,0.076179
780.219,0.025026,68.393648,0.998629,72.989712,50.183520,6.200000,1670.503680,2.867729,0.003398,1.055264,1.055305,17.578756,0.000024,651.000000,0.454814,18.640060,0.297140,0.111183
811.374,0.026068,66.579780,0.998629,73.446232,49.792960,6.200000,1670.458112,0.585174,0.003355,1.055276,1.055290,17.327612,0.000023,657.000000,0.135771,18.410544,0.291625,0.152343
842.492,0.027111,66.591032,0.998391,73.233992,49.019052,6.216666,1670.343808,0.815689,0.003403,1.055278,1.055254,17.116892,0.000021,661.000000,0.189490,18.276306,0.272824,0.475982
873.657,0.028154,66.556624,0.998391,73.021552,48.659892,6.216666,1670.523008,0.986030,0.003365,1.055280,1.055311,17.540872,0.000023,657.000000,0.260038,18.312838,0.379876,0.246521
904.801,0.029197,64.825608,0.998134,72.822904,48.027332,6.233333,1670.533632,0.882057,0.003580,1.055287,1.055314,17.414936,0.000027,644.000000,0.248661,18.238822,0.363755,0.007209
935.959,0.030239,63.450472,0.998134,72.641064,47.559488,6.233333,1670.594560,0.756874,0.003492,1.055314,1.055334,17.534364,0.000009,645.000000,0.176747,18.348748,0.366663,0.027160
967.027,0.031282,62.356012,0.997858,72.484840,47.471268,6.250000,1670.213632,0.305130,0.003974,1.055279,1.055213,17.458664,0.000054,636.000000,0.064463,18.253434,0.372725,0.024238
998.242,0.032325,62.356012,0.997858,72.423816,47.471268,6.250000,1670.742656,0.058609,0.003916,1.055297,1.055380,17.119826,0.000067,657.000000,0.016861,18.191558,0.294469,0.000000
1029.361,0.033368,62.509640,0.997564,72.378432,46.818340,6.266667,1671.008384,0.219703,0.003921,1.055336,1.055464,17.117938,0.000099,645.000000,0.046364,18.192132,0.293842,0.168304
1060.529,0.034410,62.509640,0.997564,72.334496,46.818340,6.266667,1670.483584,0.192543,0.003813,1.055365,1.055298,17.100998,0.000062,654.000000,0.055339,18.189936,0.290109,0.000000
1091.678,0.035453,62.637048,0.997250,72.259936,46.773444,6.283333,1670.991872,0.348571,0.003492,1.055396,1.055459,17.100998,0.000074,694.000000,0.086544,18.189936,0.290109,0.180267
1122.826,0.036496,62.637048,0.997250,72.190216,46.773444,6.283333,1670.523520,0.348571,0.003393,1.055350,1.055311,17.100998,0.000073,637.000000,0.087741,18.189936,0.290109,0.000000
1153.950,0.037539,63.922480,0.996917,72.076232,47.023316,6.300000,1670.713472,0.401603,0.003630,1.055375,1.055371,17.100998,0.000060,651.000000,0.098347,18.189936,0.290109,0.221336
1185.091,0.038581,63.922480,0.996917,71.995912,47.023316,6.300000,1670.893440,0.401603,0.003444,1.055365,1.055428,17.100998,0.000047,687.000000,0.102454,18.189936,0.290109,0.000000
1216.234,0.039624,63.998116,0.996565,71.888168,47.013112,6.316666,1671.409664,0.358444,0.003807,1.055457,1.055591,17.100998,0.000090,681.000000,0.093822,18.189936,0.290109,0.137107
1247.388,0.040667,65.312460,0.996565,71.771768,46.661364,6.316666,1671.308800,0.582008,0.003458,1.055519,1.055559,17.100998,0.000068,658.000000,0.130112,18.189936,0.290109,0.223564
1278.548,0.041710,64.351180,0.996194,71.646344,46.150996,6.333333,1669.782656,0.405738,0.004413,1.055376,1.055077,17.100998,0.000270,658.000000,0.117214,18.189936,0.290109,0.045066
1309.672,0.042752,64.351180,0.996194,71.565200,46.150996,6.333333,1669.568128,0.405738,0.003447,1.055184,1.055009,17.100998,0.000260,692.000000,0.108010,18.189936,0.290109,0.000000
1340.816,0.043795,64.559380,0.995804,71.453520,45.854872,6.350000,1669.595136,0.421325,0.003542,1.055003,1.055018,17.100998,0.000007,664.000000,0.088771,18.189936,0.290109,0.152694
1371.870,0.044838,64.547744,0.995804,71.342448,45.786928,6.350000,1669.341568,0.331787,0.003481,1.054982,1.054938,17.100998,0.000036,655.000000,0.081626,18.189936,0.290109,0.134025
1403.105,0.045881,54.707264,0.995396,71.174608,45.836432,6.366667,1669.389952,0.794136,0.003405,1.054964,1.054953,16.570547,0.000034,679.000000,0.187499,17.240662,0.413201,0.507415
1434.283,0.046923,54.831416,0.995396,70.965304,46.278320,6.366667,1669.496064,1.046539,0.003423,1.054953,1.054987,16.678064,0.000020,655.000000,0.273451,17.089800,0.508321,0.252403
1465.418,0.047966,54.831416,0.994968,70.756000,46.278320,6.383333,1669.323008,0.893844,0.003353,1.054951,1.054932,16.699144,0.000021,698.000000,0.254750,17.250184,0.455112,0.000000
1496.538,0.049009,54.384896,0.994968,70.513040,45.390240,6.383333,1667.728896,1.080780,0.004497,1.054738,1.054428,16.505436,0.000305,653.000000,0.241396,17.031588,0.464283,0.320961
1527.719,0.050052,54.384896,0.994521,70.296872,45.390240,6.400000,1665.169024,0.573364,0.003569,1.054282,1.053618,16.375797,0.000537,686.000000,0.146768,17.222912,0.356730,0.000000
1558.833,0.051094,51.614552,0.994521,70.105936,44.624984,6.400000,1665.249152,0.702278,0.003543,1.053852,1.053644,16.333670,0.000321,670.000000,0.172551,17.025952,0.405753,0.381317
1589.980,0.052137,49.566284,0.994056,69.912592,44.800056,6.416666,1665.149312,0.966735,0.003480,1.053619,1.053612,16.132509,0.000013,667.000000,0.231478,16.981704,0.356106,0.264457
1621.107,0.053180,50.544828,0.994056,69.697952,43.379724,6.416666,1665.468032,0.752250,0.003526,1.053651,1.053713,16.452654,0.000041,682.000000,0.215027,16.949578,0.475240,0.106475
1652.256,0.054223,51.702784,0.993571,69.520040,43.343620,6.433333,1665.627008,0.889549,0.003383,1.053691,1.053763,16.629717,0.000062,665.000000,0.215003,17.130290,0.473860,0.137298
1683.445,0.055265,50.976956,0.993571,69.269024,43.198900,6.433333,1665.202304,0.873786,0.003443,1.053696,1.053629,16.729080,0.000055,684.000000,0.199134,17.381578,0.419199,0.365554
1714.560,0.056308,50.972688,0.993068,69.050024,42.871492,6.450000,1665.469696,0.830490,0.003442,1.053696,1.053714,16.637592,0.000055,695.000000,0.216383,17.164914,0.463850,0.221160
1745.717,0.057351,49.468600,0.993068,68.837544,42.725172,6.450000,1665.647232,0.955925,0.003460,1.053699,1.053770,16.445986,0.000058,677.000000,0.249856,17.141002,0.404842,0.231910
1776.836,0.058394,48.669116,0.992546,68.600296,42.688516,6.466666,1665.860736,1.048965,0.003407,1.053768,1.053837,16.634901,0.000050,686.000000,0.255100,17.124636,0.477965,0.230339
1808.005,0.059436,47.675980,0.992546,68.354352,42.725172,6.466666,1665.800320,0.864173,0.003446,1.053803,1.053818,16.891862,0.000028,675.000000,0.219059,17.329304,0.498158,0.180763
1839.164,0.060479,47.791576,0.992004,68.150336,42.834956,6.483333,1665.736320,0.798889,0.003517,1.053813,1.053798,16.856180,0.000016,681.000000,0.200888,17.526078,0.413275,0.155876
1870.277,0.061522,47.049708,0.992004,67.960720,42.615104,6.483333,1666.053120,0.716194,0.003450,1.053833,1.053898,16.806438,0.000043,677.000000,0.176902,17.323854,0.467536,0.149215
1901.446,0.062565,47.689668,0.991444,67.790136,42.907992,6.500000,1665.800192,0.622550,0.003462,1.053833,1.053818,16.895170,0.000043,680.000000,0.155019,17.239570,0.535700,0.136695
1932.588,0.063607,47.232136,0.991444,67.607752,42.798392,6.500000,1665.841536,0.731178,0.003485,1.053844,1.053831,16.349512,0.000035,686.000000,0.174826,16.886110,0.460416,0.289390
1963.727,0.064650,44.632276,0.990865,67.415800,42.980904,6.516666,1665.971456,0.803863,0.003428,1.053836,1.053872,16.218386,0.000023,672.000000,0.203381,16.732151,0.468902,0.228561
1994.873,0.065693,44.632276,0.990865,67.255024,42.980904,6.516666,1665.704704,0.654647,0.003427,1.053825,1.053788,16.135675,0.000034,686.000000,0.182724,16.744535,0.434357,0.000000
2026.032,0.066736,41.660596,0.990268,67.065940,43.053692,6.533333,1665.602048,0.808723,0.003456,1.053801,1.053755,15.958826,0.000049,652.000000,0.184600,16.533474,0.446544,0.290771
2057.185,0.067778,40.491208,0.990268,66.884544,43.198900,6.533333,1665.823232,0.617614,0.003447,1.053785,1.053825,16.082100,0.000028,644.000000,0.152600,16.510180,0.501840,0.098281
2088.339,0.068821,40.664940,0.989651,66.731080,43.053692,6.550000,1665.832704,0.538810,0.003411,1.053798,1.053828,15.947675,0.000033,673.000000,0.146667,16.571436,0.429133,0.149757
2119.468,0.069864,41.036492,0.989651,66.599212,43.487856,6.550000,1665.803264,0.659286,0.003425,1.053819,1.053819,16.151630,0.000003,699.000000,0.156661,16.999316,0.356558,0.120475
2150.636,0.070907,40.770216,0.989015,66.427392,43.595724,6.566666,1666.035840,0.568328,0.003338,1.053842,1.053893,16.005201,0.000032,681.000000,0.140689,16.594965,0.441127,0.199813
2181.758,0.071949,40.770216,0.989015,66.313728,43.595724,6.566666,1665.701248,0.470047,0.003364,1.053828,1.053787,16.039066,0.000044,680.000000,0.126038,16.600374,0.451369,0.000000
2212.946,0.072992,41.198252,0.988361,66.203796,43.988968,6.583333,1666.184320,0.399879,0.003266,1.053868,1.053940,15.746455,0.000063,670.000000,0.099957,16.487991,0.389594,0.079589
2244.079,0.074035,38.283492,0.988361,66.086456,44.660052,6.583333,1666.147328,0.466247,0.003452,1.053880,1.053928,15.622011,0.000069,659.000000,0.101208,16.145535,0.465260,0.186843
2275.201,0.075078,38.470168,0.987688,65.977424,44.869892,6.600000,1667.297024,0.345382,0.003512,1.054047,1.054291,15.538716,0.000167,654.000000,0.095719,15.997357,0.489893,0.078948
2306.383,0.076120,38.470168,0.987688,65.908340,44.869892,6.600000,1668.155008,0.345382,0.003436,1.054254,1.054563,15.541064,0.000259,675.000000,0.095655,16.017361,0.483091,0.000000
2337.492,0.077163,37.838072,0.986996,65.823516,44.974440,6.616667,1668.130048,0.344551,0.003554,1.054463,1.054555,15.420693,0.000126,679.000000,0.076805,16.038460,0.431228,0.078758
2368.665,0.078206,37.618040,0.986996,65.734404,44.974440,6.616667,1668.291456,0.258697,0.003240,1.054569,1.054606,15.403932,0.000022,669.000000,0.059615,15.955616,0.454876,0.100990
2399.788,0.079249,37.637724,0.986285,65.665880,44.730112,6.633333,1638.416384,0.263664,0.009019,1.051170,1.045120,15.810566,0.004815,220.000000,0.070707,16.452423,0.422855,0.083915
2430.854,0.080291,37.637724,0.986285,65.613152,44.730112,6.633333,1627.170304,0.263664,0.003546,1.046827,1.041527,15.797861,0.005617,585.000000,0.071223,16.488394,0.406337,0.000000
2462.022,0.081334,37.437576,0.985556,65.557068,44.449228,6.650000,1627.650176,0.201660,0.003406,1.042519,1.041681,15.802928,0.001303,611.000000,0.048723,16.410946,0.434654,0.016754
2493.174,0.082377,37.078964,0.985556,65.505576,44.166556,6.650000,1627.835008,0.156471,0.003459,1.041643,1.041740,15.897964,0.000089,628.000000,0.032969,16.626909,0.393674,0.055801
2524.264,0.083420,38.775712,0.984807,65.457580,44.201992,6.666666,1627.969536,0.156074,0.003347,1.041728,1.041783,15.720937,0.000041,601.000000,0.038470,16.152325,0.500537,0.083518
2555.381,0.084462,38.783252,0.984807,65.421912,44.237396,6.666666,1627.855104,0.178306,0.003416,1.041750,1.041747,15.589844,0.000018,628.000000,0.049593,16.143007,0.454336,0.022232
2586.507,0.085505,38.783804,0.984040,65.377364,44.024544,6.683333,1627.910528,0.205978,0.003563,1.041758,1.041764,15.559981,0.000014,633.000000,0.051770,16.355022,0.372640,0.044425
2617.629,0.086548,38.472400,0.984040,65.331728,44.024544,6.683333,1628.214272,0.172370,0.003381,1.041785,1.041861,16.153074,0.000051,630.000000,0.041139,16.408236,0.573682,0.022193
2648.770,0.087591,38.642344,0.983254,65.292824,44.024544,6.700000,1628.483584,0.111030,0.003349,1.041852,1.041948,15.775011,0.000075,613.000000,0.028868,16.180864,0.510670,0.022178
2679.885,0.088633,39.099804,0.983254,65.258440,43.917732,6.700000,1628.161536,0.149696,0.003429,1.041879,1.041844,15.527350,0.000045,630.000000,0.034376,16.454500,0.333381,0.060897
2711.015,0.089676,39.087384,0.982450,65.218552,43.739132,6.716666,1628.520192,0.155021,0.003414,1.041911,1.041959,15.902203,0.000051,612.000000,0.039311,16.534933,0.426012,0.049751
2742.135,0.090719,38.869360,0.982450,65.177612,43.595724,6.716666,1628.129920,0.182495,0.003419,1.041873,1.041834,15.656858,0.000057,628.000000,0.047563,16.416874,0.383668,0.049667
2773.160,0.091762,39.224812,0.981627,65.137804,43.631620,6.733333,1628.208768,0.176857,0.003508,1.041878,1.041860,15.704897,0.000054,644.000000,0.045313,16.381533,0.410999,0.016540
2804.381,0.092805,39.524812,0.981627,65.098024,43.595724,6.733333,1628.084992,0.138000,0.003484,1.041831,1.041820,15.665999,0.000016,623.000000,0.034220,16.181242,0.468349,0.022041
2835.513,0.093847,39.524812,0.980785,65.070420,43.595724,6.750000,1628.558464,0.088249,0.003334,1.041877,1.041972,15.445142,0.000064,636.000000,0.021508,16.069086,0.429068,0.000000
2866.624,0.094890,39.524812,0.980785,65.052772,43.595724,6.750000,1628.698112,0.038581,0.003407,1.041929,1.042016,15.445142,0.000084,642.000000,0.009920,16.069086,0.429068,0.000000
2897.747,0.095933,39.524812,0.979924,65.045060,43.595724,6.766666,1628.383872,0.022041,0.003410,1.041961,1.041916,15.445142,0.000041,620.000000,0.004408,16.069086,0.429068,0.000000
2928.766,0.096976,39.524812,0.979924,65.040648,43.595724,6.766666,1628.239744,0.000000,0.003605,1.041926,1.041870,15.445142,0.000062,605.000000,0.000000,16.069086,0.429068,0.000000
2959.974,0.098018,39.834496,0.979045,65.034044,43.487856,6.783333,1627.662976,0.033027,0.003318,1.041816,1.041685,15.683319,0.000098,636.000000,0.006605,16.528631,0.357271,0.033027
2991.127,0.099061,39.971104,0.979045,65.013144,43.053692,6.783333,1627.977472,0.104484,0.003400,1.041773,1.041786,16.051781,0.000073,620.000000,0.024199,16.463766,0.508222,0.071456
3022.228,0.100104,39.971104,0.978147,64.992248,43.053692,6.800000,1627.922304,0.104484,0.003337,1.041741,1.041768,16.080755,0.000043,652.000000,0.031345,16.415760,0.539607,0.000000
3053.362,0.101147,40.230532,0.978147,64.955992,42.980904,6.800000,1628.009216,0.181259,0.003466,1.041777,1.041796,16.225365,0.000011,639.000000,0.043397,16.797222,0.447551,0.076774
3084.446,0.102189,40.230532,0.977231,64.919740,42.980904,6.816666,1627.872256,0.148231,0.003425,1.041766,1.041752,16.223200,0.000018,639.000000,0.037323,16.735241,0.469548,0.000000
3115.609,0.103232,40.230532,0.977231,64.890100,42.980904,6.816666,1628.039936,0.076774,0.003390,1.041778,1.041806,16.223200,0.000022,631.000000,0.023032,16.735241,0.469548,0.000000
3146.733,0.104275,40.288476,0.976296,64.873648,42.980904,6.833333,1627.612672,0.082252,0.003398,1.041736,1.041669,15.699023,0.000056,648.000000,0.016450,16.286348,0.441997,0.005477
3177.762,0.105318,40.129772,0.976296,64.853912,43.017316,6.833333,1628.001024,0.021903,0.003301,1.041749,1.041793,15.887891,0.000061,628.000000,0.004928,16.610733,0.395664,0.016426
3208.973,0.106360,40.179916,0.975342,64.845152,42.761800,6.850000,1628.019968,0.043792,0.003538,1.041747,1.041799,15.770748,0.000059,636.000000,0.010948,16.113857,0.536236,0.021888
3240.100,0.107403,40.157776,0.975342,64.835304,42.615104,6.850000,1627.774976,0.049263,0.003194,1.041764,1.041721,15.648333,0.000034,620.000000,0.013684,16.521627,0.348946,0.005470
3271.235,0.108446,40.328204,0.974370,64.818892,42.615104,6.866667,1627.858944,0.076583,0.003318,1.041749,1.041748,15.982569,0.000031,626.000000,0.018052,16.690144,0.400678,0.032798
3302.251,0.109489,40.328204,0.974370,64.803572,42.615104,6.866667,1627.931904,0.060157,0.003211,1.041741,1.041771,15.880113,0.000020,661.000000,0.015858,16.562769,0.408974,0.000000
3333.469,0.110531,40.460772,0.973379,64.787172,42.761800,6.883333,1627.860224,0.060119,0.003318,1.041750,1.041748,15.662680,0.000011,642.000000,0.015303,16.112104,0.493473,0.021850
3364.589,0.111574,40.460772,0.973379,64.775148,42.761800,6.883333,1627.844480,0.054649,0.003271,1.041749,1.041743,15.555845,0.000012,649.000000,0.013114,16.118538,0.450867,0.000000
3395.720,0.112617,40.519164,0.972369,64.755484,42.541564,6.900000,1627.931904,0.065498,0.003366,1.041748,1.041771,15.609347,0.000012,640.000000,0.015284,16.526493,0.336228,0.043647
3426.843,0.113660,40.259212,0.972369,64.734756,42.209060,6.900000,1627.645056,0.103645,0.003456,1.041725,1.041679,16.022993,0.000038,641.000000,0.025093,16.366650,0.536009,0.038146
3457.888,0.114702,39.858416,0.971342,64.707496,42.023196,6.916666,1627.934848,0.114456,0.003345,1.041735,1.041772,15.688446,0.000043,666.000000,0.031070,16.457521,0.380790,0.032661
3489.091,0.115745,39.858416,0.971342,64.684608,42.023196,6.916666,1627.773696,0.114456,0.003245,1.041718,1.041720,15.660268,0.000037,653.000000,0.029972,16.457169,0.372062,0.000000
3520.113,0.116788,39.471632,0.970295,64.647584,42.060436,6.933333,1627.520256,0.141456,0.003320,1.041705,1.041639,15.954012,0.000054,627.000000,0.031557,16.474373,0.466438,0.070648
3551.349,0.117831,39.308028,0.970295,64.610612,41.799072,6.933333,1627.571840,0.146713,0.003234,1.041666,1.041656,16.104734,0.000035,623.000000,0.036407,16.546062,0.496634,0.043403
3582.381,0.118873,39.407784,0.969230,64.580184,41.686556,6.950000,1627.921024,0.119476,0.003304,1.041682,1.041768,15.720516,0.000057,638.000000,0.035300,16.789956,0.295055,0.005424
3613.613,0.119916,39.407784,0.969230,64.556288,41.686556,6.950000,1627.566592,0.119476,0.003374,1.041687,1.041654,15.714497,0.000052,647.000000,0.028778,16.782830,0.295338,0.000000
3644.720,0.120959,39.487004,0.968147,64.530228,41.686556,6.966666,1627.932672,0.059661,0.003409,1.041726,1.041771,15.731949,0.000054,621.000000,0.012474,16.301628,0.448337,0.010833
3675.852,0.122002,39.460152,0.968147,64.511796,41.573740,6.966666,1627.860992,0.048759,0.003403,1.041719,1.041748,15.896010,0.000050,641.000000,0.010835,16.587231,0.406107,0.032501
3706.949,0.123044,39.460152,0.967045,64.502044,41.573740,6.983333,1627.833728,0.043334,0.003273,1.041747,1.041740,15.936214,0.000013,629.000000,0.013000,16.592026,0.418066,0.000000
3738.094,0.124087,39.460152,0.967045,64.493376,41.573740,6.983333,1627.955200,0.043334,0.003327,1.041750,1.041778,15.936214,0.000016,651.000000,0.011917,16.592026,0.418066,0.000000
3769.230,0.125130,39.655084,0.965925,64.483628,41.573740,7.000000,1627.610112,0.037910,0.003193,1.041724,1.041668,15.447441,0.000045,636.000000,0.007582,16.508532,0.297195,0.005409
3800.367,0.126173,39.678512,0.965925,64.470636,41.573740,7.000000,1627.534336,0.032463,0.003265,1.041691,1.041644,16.017380,0.000058,625.000000,0.007033,16.383493,0.526752,0.027053
3831.383,0.127215,39.678512,0.964787,64.464140,41.573740,7.016667,1610.189824,0.032463,0.007467,1.039572,1.036079,16.025782,0.002940,113.000000,0.009738,16.423424,0.513962,0.000000
3862.586,0.128258,39.678512,0.964787,64.457648,41.573740,7.016667,1570.573696,0.032463,0.009767,1.033142,1.023254,16.025782,0.008027,103.000000,0.009197,16.423424,0.513962,0.000000
3893.706,0.129301,62.263776,0.963630,64.486948,52.789136,7.033333,1637.050240,0.178955,0.014014,1.033245,1.044685,15.810659,0.008137,211.000000,0.030380,16.432001,0.429977,0.178955
3924.795,0.130344,62.263776,0.963630,64.517328,52.789136,7.033333,1648.952960,0.178955,0.002909,1.037597,1.048476,15.789666,0.011090,649.000000,0.053686,16.408726,0.430775,0.000000
3955.901,0.131386,62.263776,0.962455,64.553116,52.789136,7.050000,1649.254528,0.178955,0.002798,1.046329,1.048571,15.789666,0.003097,677.000000,0.053686,16.408726,0.430775,0.000000
3987.009,0.132429,62.640684,0.962455,64.567200,52.700088,7.050000,1648.907392,0.178955,0.002953,1.048499,1.048461,15.982512,0.000049,676.000000,0.014076,16.355572,0.523913,0.108573
4018.145,0.133472,62.684000,0.961261,64.561800,52.640640,7.066666,1648.790656,0.205978,0.002845,1.048481,1.048424,15.703118,0.000063,664.000000,0.052053,16.556469,0.354863,0.097404
4049.227,0.134515,62.863752,0.961261,64.509804,52.222620,7.066666,1648.622976,0.259971,0.002784,1.048414,1.048371,15.995935,0.000036,688.000000,0.072592,16.562914,0.449314,0.053993
4080.372,0.135557,62.834988,0.960049,64.441652,52.222620,7.083333,1648.154496,0.340782,0.002826,1.048335,1.048222,15.726512,0.000084,671.000000,0.083296,16.655354,0.332902,0.080810
4111.478,0.136600,62.699580,0.960049,64.364884,52.132604,7.083333,1648.448128,0.275222,0.002971,1.048299,1.048315,15.653493,0.000060,711.000000,0.068524,16.635933,0.318014,0.043014
4142.572,0.137643,62.544152,0.958819,64.306616,51.891804,7.100000,1648.218880,0.193939,0.002756,1.048257,1.048242,15.849842,0.000040,678.000000,0.051170,16.398571,0.455957,0.016120
4173.658,0.138686,62.416352,0.958819,64.259240,51.740736,7.100000,1647.935104,0.182884,0.002755,1.048234,1.048152,15.739629,0.000066,671.000000,0.042490,16.505125,0.381925,0.042938
4204.812,0.139728,62.390768,0.957571,64.223732,51.528496,7.116667,1647.644672,0.102073,0.002909,1.048148,1.048060,15.716688,0.000075,671.000000,0.025247,16.309013,0.440214,0.005363
4235.877,0.140771,62.014212,0.957571,64.204392,51.223772,7.116667,1648.378624,0.059059,0.002866,1.048164,1.048293,16.100727,0.000096,723.000000,0.014496,16.489700,0.517454,0.000000
4267.030,0.141814,62.327556,0.956304,64.203324,51.376360,7.133333,1647.875712,0.053680,0.002772,1.048158,1.048133,15.786044,0.000097,710.000000,0.002684,16.410824,0.428777,0.048316
4298.104,0.142857,62.098320,0.956304,64.200088,51.376360,7.133333,1648.219264,0.053680,0.002734,1.048219,1.048242,15.941399,0.000066,700.000000,0.010198,16.584738,0.422345,0.026847
4329.220,0.143899,62.089680,0.955019,64.201172,51.284864,7.150000,1648.300800,0.048316,0.002791,1.048211,1.048268,15.989900,0.000058,728.000000,0.002146,16.472282,0.480765,0.021469
4360.334,0.144942,62.189968,0.955019,64.202232,51.009380,7.150000,1648.314624,0.048316,0.002814,1.048258,1.048273,15.812724,0.000013,704.000000,0.003757,16.450663,0.424208,0.005371
4391.430,0.145985,62.349888,0.953716,64.206536,50.763252,7.166666,1647.740032,0.048316,0.002746,1.048207,1.048090,15.913859,0.000084,692.000000,0.006979,16.678160,0.382305,0.016098
4422.568,0.147028,62.390684,0.953716,64.206536,50.732404,7.166666,1648.373760,0.048316,0.002705,1.048215,1.048291,15.802444,0.000090,707.000000,0.007516,16.751505,0.327218,0.026847
4453.673,0.148070,62.616956,0.952395,64.216200,50.763252,7.183333,1648.255744,0.069816,0.002744,1.048209,1.048254,15.955800,0.000087,672.000000,0.018257,16.650171,0.405057,0.021499
4484.768,0.149113,64.260316,0.952395,64.244156,50.794088,7.183333,1648.624896,0.134414,0.002803,1.048303,1.048371,16.231804,0.000048,679.000000,0.031717,16.506330,0.565275,0.069969
4515.867,0.150156,64.260316,0.951056,64.271040,50.794088,7.200000,1648.477952,0.118316,0.002880,1.048313,1.048325,16.213503,0.000048,699.000000,0.032810,16.487762,0.565390,0.000000
4546.972,0.151199,68.365896,0.951056,64.319540,50.732404,7.200000,1648.444800,0.215629,0.002905,1.048333,1.048314,16.064928,0.000025,681.000000,0.050122,16.895246,0.361799,0.124160
4578.094,0.152241,68.365896,0.949699,64.362672,50.732404,7.216666,1648.264320,0.194129,0.002787,1.048295,1.048257,16.035212,0.000030,695.000000,0.051242,16.918226,0.346093,0.000000
4609.203,0.153284,68.365896,0.949699,64.401488,50.732404,7.216666,1648.272384,0.124160,0.002860,1.048273,1.048259,16.035212,0.000026,691.000000,0.037248,16.918226,0.346093,0.000000
4640.278,0.154327,68.365896,0.948323,64.426332,50.732404,7.233333,1648.008192,0.124160,0.002809,1.048227,1.048175,16.035212,0.000038,700.000000,0.024832,16.918226,0.346093,0.000000
4671.427,0.155370,69.914728,0.948323,64.460900,50.670652,7.233333,1647.940992,0.048713,0.002633,1.048193,1.048154,15.649027,0.000045,652.000000,0.009742,16.455847,0.368991,0.048713
4702.512,0.156412,69.914728,0.946930,64.470644,50.670652,7.250000,1647.948032,0.048713,0.002779,1.048158,1.048156,15.727416,0.000009,687.000000,0.014614,16.521261,0.373012,0.000000
4733.614,0.157455,69.914728,0.946930,64.480392,50.670652,7.250000,1647.822080,0.048713,0.002748,1.048139,1.048116,15.727416,0.000017,714.000000,0.014614,16.521261,0.373012,0.000000
4764.712,0.158498,70.669728,0.945518,64.497720,50.608820,7.266667,1648.111232,0.086662,0.002858,1.048157,1.048208,15.791675,0.000037,711.000000,0.017332,16.468426,0.410960,0.037948
4795.816,0.159541,71.710928,0.945518,64.529160,50.515932,7.266667,1647.957504,0.108528,0.002808,1.048158,1.048159,16.783930,0.000037,676.000000,0.025500,17.586152,0.370412,0.070579
4826.919,0.160583,71.710928,0.944089,64.550872,50.515932,7.283333,1644.714368,0.108528,0.023749,1.045636,1.047127,16.819168,0.003599,102.000000,0.032558,17.590500,0.380076,0.000000
4858.056,0.161626,71.710928,0.944089,64.572580,50.515932,7.283333,1703.166208,0.108528,0.002897,1.051424,1.065572,16.819168,0.010473,666.000000,0.028763,17.590500,0.380076,0.000000
4889.151,0.162669,73.018912,0.942641,64.620424,50.391812,7.300000,1703.342208,0.201286,0.002722,1.057246,1.065627,15.909058,0.011808,689.000000,0.040257,17.127126,0.259128,0.130706
4920.241,0.163712,73.018912,0.942641,64.660684,50.391812,7.300000,1703.255040,0.130706,0.003031,1.065595,1.065599,16.905500,0.000022,707.000000,0.039212,18.078440,0.269611,0.000000
4951.254,0.164754,73.716272,0.941176,64.702124,49.640588,7.316666,1702.972800,0.207199,0.002748,1.065575,1.065511,16.383366,0.000048,689.000000,0.054510,17.217356,0.360685,0.076492
4982.460,0.165797,73.716272,0.941176,64.743568,49.640588,7.316666,1703.181440,0.207199,0.002818,1.065558,1.065577,17.198388,0.000035,714.000000,0.049089,18.085690,0.344840,0.000000
5013.697,0.166840,74.753392,0.939692,64.816804,49.766580,7.333333,1702.805760,0.235511,0.002823,1.065512,1.065459,19.090810,0.000047,714.000000,0.054751,19.878262,0.375007,0.159019
5044.693,0.167883,75.657200,0.939692,64.887040,49.260676,7.333333,1703.051904,0.351158,0.002796,1.065520,1.065536,17.216690,0.000048,689.000000,0.086133,18.057590,0.358598,0.115646
5075.812,0.168925,75.733000,0.938191,64.961684,49.069624,7.350000,1703.276160,0.296737,0.002755,1.065531,1.065606,17.891864,0.000060,705.000000,0.086814,18.768690,0.347908,0.022071
5106.889,0.169968,76.530952,0.938191,65.039832,48.845776,7.350000,1703.326720,0.390716,0.002656,1.065585,1.065622,17.727878,0.000037,695.000000,0.091915,18.502408,0.379066,0.093978
5137.996,0.171011,78.466608,0.936672,65.153504,48.877820,7.366667,1703.180032,0.409339,0.002845,1.065598,1.065576,17.112700,0.000018,719.000000,0.093473,17.770998,0.417216,0.177642
5169.139,0.172054,78.466608,0.936672,65.235368,48.877820,7.366667,1703.388160,0.293693,0.002781,1.065609,1.065641,17.060876,0.000027,689.000000,0.085900,17.726376,0.414766,0.000000
5200.229,0.173096,78.466608,0.935135,65.294104,48.877820,7.383333,1703.842304,0.271621,0.002698,1.065664,1.065783,17.060876,0.000086,685.000000,0.072088,17.726376,0.414766,0.000000
5231.334,0.174139,78.466608,0.935135,65.348428,48.877820,7.383333,1703.489664,0.177642,0.002651,1.065696,1.065673,17.060876,0.000060,673.000000,0.035528,17.726376,0.414766,0.000000
5262.440,0.175182,78.466608,0.933580,65.383956,48.877820,7.400000,1703.535488,0.000000,0.002780,1.065711,1.065687,17.060876,0.000048,647.000000,0.000000,17.726376,0.414766,0.000000
5293.556,0.176225,78.466608,0.933580,65.383956,48.877820,7.400000,1703.660544,0.000000,0.002747,1.065693,1.065726,17.060876,0.000022,702.000000,0.000000,17.726376,0.414766,0.000000
5324.676,0.177267,81.153976,0.932007,65.412964,48.491936,7.416666,1703.424000,0.145050,0.002728,1.065686,1.065652,16.345198,0.000030,695.000000,0.029010,16.927530,0.443784,0.145050
5355.671,0.178310,85.917800,0.932007,65.491364,48.653092,7.416666,1703.102848,0.391990,0.002709,1.065640,1.065552,18.497504,0.000071,681.000000,0.092903,18.359868,0.764331,0.246940
5386.866,0.179353,86.471608,0.930417,65.604784,48.362624,7.433333,1703.635456,0.567092,0.002773,1.065638,1.065719,17.411530,0.000068,726.000000,0.152617,18.121176,0.399995,0.175102
5417.979,0.180396,86.381048,0.930417,65.737488,48.135492,7.433333,1703.388672,0.663513,0.002981,1.065633,1.065641,16.781292,0.000067,726.000000,0.174906,17.821052,0.302723,0.096420
5449.089,0.181439,86.381048,0.928809,65.870192,48.135492,7.450000,1703.277696,0.518463,0.002731,1.065651,1.065607,16.808032,0.000047,711.000000,0.130844,17.851046,0.301874,0.000000
5480.212,0.182481,87.692384,0.928809,66.024056,48.168004,7.450000,1703.412992,0.522392,0.002761,1.065628,1.065649,16.939068,0.000018,705.000000,0.114120,17.832644,0.343015,0.250869
5511.328,0.183524,87.692384,0.927183,66.128532,48.168004,7.466666,1703.651712,0.347290,0.002702,1.065656,1.065724,16.865518,0.000047,700.000000,0.094544,17.830452,0.322814,0.000000
5542.442,0.184567,87.692384,0.927183,66.197992,48.168004,7.466666,1703.371520,0.250869,0.002733,1.065666,1.065636,16.865518,0.000037,718.000000,0.075260,17.830452,0.322814,0.000000
5573.516,0.185610,86.397488,0.925540,66.278000,48.588692,7.483333,1703.327360,0.400009,0.002782,1.065657,1.065622,18.917082,0.000044,729.000000,0.080001,18.868096,0.717940,0.149139
5604.646,0.186652,85.344672,0.925540,66.389116,48.781632,7.483333,1703.392896,0.304733,0.002788,1.065630,1.065643,17.391326,0.000008,719.000000,0.075860,18.440806,0.300193,0.155593
5635.759,0.187695,85.344672,0.923879,66.450056,48.781632,7.500000,1703.328640,0.304733,0.002636,1.065626,1.065623,17.467754,0.000009,706.000000,0.091419,18.452920,0.317272,0.000000
5666.850,0.188738,84.450864,0.923879,66.526048,49.101516,7.500000,1703.481216,0.379905,0.002667,1.065642,1.065670,21.050116,0.000019,675.000000,0.091540,21.834628,0.375927,0.075172
5697.961,0.189781,82.940584,0.922201,66.628708,49.766580,7.516666,1703.680512,0.364181,0.002643,1.065673,1.065733,18.595068,0.000045,723.000000,0.080353,19.431218,0.360032,0.133415
5729.085,0.190823,81.687640,0.922201,66.729500,50.205060,7.516666,1703.716608,0.348373,0.002670,1.065713,1.065744,18.714374,0.000032,691.000000,0.090533,19.890702,0.268812,0.139785
5760.215,0.191866,80.886848,0.920504,66.812028,50.515932,7.533333,1703.725312,0.412635,0.002742,1.065738,1.065747,18.841442,0.000005,701.000000,0.109847,19.884404,0.301887,0.064262
5791.301,0.192909,79.262680,0.920504,66.927384,51.193200,7.533333,1703.636096,0.501602,0.002657,1.065734,1.065719,18.040984,0.000012,732.000000,0.120725,18.708624,0.414040,0.164138
5822.431,0.193952,64.188416,0.918791,67.004236,39.960844,7.550000,1703.544576,0.368186,0.002694,1.065716,1.065690,17.735786,0.000022,704.000000,0.073012,18.219906,0.480102,0.117324
5853.533,0.194994,63.556012,0.918791,67.061448,40.466940,7.550000,1703.735552,0.228401,0.002722,1.065717,1.065750,17.890520,0.000024,707.000000,0.033927,18.342568,0.492452,0.035156
5884.642,0.196037,61.069392,0.917060,67.111832,40.428236,7.566666,1703.449216,0.187652,0.002726,1.065698,1.065660,18.118862,0.000037,693.000000,0.029313,18.353758,0.582580,0.105682
5915.761,0.197080,61.655100,0.917060,67.139952,40.311896,7.566666,1703.609344,0.140838,0.002652,1.065705,1.065710,17.646580,0.000036,701.000000,0.009384,17.866852,0.589063,0.047012
5946.867,0.198123,61.373196,0.915311,67.142296,41.157424,7.583333,1703.548672,0.140838,0.002754,1.065685,1.065691,17.652548,0.000020,689.000000,0.031683,17.678928,0.680043,0.035255
5977.872,0.199165,61.373196,0.915311,67.168112,41.157424,7.583333,1703.506944,0.105682,0.002637,1.065691,1.065678,17.662980,0.000013,717.000000,0.017609,17.764854,0.643506,0.000000
6009.071,0.200208,63.285868,0.913545,67.166944,41.648984,7.600000,1703.536128,0.111549,0.002753,1.065683,1.065687,17.461240,0.000005,702.000000,0.018784,17.709650,0.576635,0.099792
6040.186,0.201251,63.285868,0.913545,67.144640,41.648984,7.600000,1703.445376,0.099792,0.002618,1.065672,1.065659,17.398908,0.000011,678.000000,0.022886,17.659626,0.571261,0.000000
6071.284,0.202294,63.588148,0.911762,67.124704,42.171952,7.616667,1703.534208,0.134941,0.002603,1.065674,1.065687,17.715882,0.000012,701.000000,0.036967,17.987198,0.566662,0.035148
6102.340,0.203336,67.590536,0.911762,67.108260,46.074896,7.616667,1703.142912,0.134941,0.002606,1.065634,1.065565,17.350962,0.000052,716.000000,0.019954,17.815910,0.487455,0.052742
6133.508,0.204379,66.168924,0.909961,67.092996,49.986296,7.633333,1703.501824,0.058601,0.002672,1.065639,1.065677,17.974926,0.000055,691.000000,0.006449,18.210124,0.582446,0.005859
6164.637,0.205422,67.210656,0.909961,67.074264,50.111420,7.633333,1703.214464,0.117095,0.002733,1.065607,1.065587,17.575624,0.000048,735.000000,0.012868,17.759894,0.605251,0.117095
6195.675,0.206465,67.210656,0.908143,67.055536,50.111420,7.650000,1703.627008,0.117095,0.002610,1.065657,1.065716,17.576066,0.000053,734.000000,0.022822,17.567712,0.697333,0.000000
6226.745,0.207507,67.210656,0.908143,67.043840,50.111420,7.650000,1703.586816,0.117095,0.002617,1.065666,1.065703,17.576066,0.000057,695.000000,0.033956,17.567712,0.697333,0.000000
6257.946,0.208550,68.021048,0.906307,66.999412,50.111420,7.666666,1703.497728,0.227966,0.002647,1.065695,1.065676,17.492084,0.000017,687.000000,0.045593,17.815274,0.544552,0.110870
6288.992,0.209593,68.021048,0.906307,66.953820,50.111420,7.666666,1703.766400,0.110870,0.002573,1.065710,1.065759,17.505434,0.000035,699.000000,0.033261,17.783122,0.563911,0.000000
6320.100,0.210636,65.784028,0.904455,66.865564,50.360732,7.683333,1704.051200,0.441276,0.002706,1.065758,1.065849,17.998748,0.000070,686.000000,0.099342,17.981484,0.701816,0.330406
6351.257,0.211678,65.530920,0.904455,66.743944,51.284864,7.683333,1703.727872,0.608123,0.002548,1.065782,1.065747,17.137758,0.000044,688.000000,0.154665,17.299252,0.615657,0.166847
6382.392,0.212721,65.432336,0.902585,66.597108,51.406824,7.700000,1703.727872,0.623275,0.002638,1.065778,1.065747,18.006786,0.000047,700.000000,0.174380,17.822916,0.789301,0.126022
6413.484,0.213764,65.432336,0.902585,66.472456,51.406824,7.700000,1703.759232,0.623275,0.002564,1.065748,1.065757,18.003760,0.000005,713.000000,0.153942,17.697718,0.857830,0.000000
6444.605,0.214807,65.432336,0.900698,66.347800,51.406824,7.716666,1703.804032,0.292869,0.002618,1.065756,1.065771,18.003760,0.000009,696.000000,0.071176,17.697718,0.857830,0.000000
6475.710,0.215849,65.432336,0.900698,66.289232,51.406824,7.716666,1703.770240,0.126022,0.002638,1.065761,1.065761,18.003760,0.000005,744.000000,0.025204,17.697718,0.857830,0.000000
6506.806,0.216892,65.411172,0.898793,66.232080,51.558872,7.733333,1703.627136,0.159698,0.002690,1.065747,1.065716,17.739412,0.000024,702.000000,0.031939,17.771294,0.677333,0.159698
6537.867,0.217935,65.411172,0.898793,66.200148,51.558872,7.733333,1703.664256,0.159698,0.002664,1.065732,1.065728,17.815368,0.000019,712.000000,0.047909,17.852054,0.674972,0.000000
6568.931,0.218978,65.222756,0.896872,66.145484,51.740736,7.750000,1704.030080,0.273300,0.002739,1.065759,1.065842,18.532818,0.000056,723.000000,0.070629,17.620624,1.249836,0.113601
6600.073,0.220020,65.222756,0.896872,66.090820,51.740736,7.750000,1703.536640,0.273300,0.002712,1.065750,1.065688,18.382718,0.000065,739.000000,0.066020,17.588636,1.167020,0.000000
6631.237,0.221063,65.207788,0.894934,66.006744,51.619564,7.766666,1703.428992,0.260704,0.002667,1.065725,1.065654,17.701972,0.000082,704.000000,0.063500,17.710890,0.688698,0.147102
6662.372,0.222106,65.207788,0.894934,65.954604,51.619564,7.766666,1703.486080,0.260704,0.002683,1.065668,1.065672,17.635542,0.000013,719.000000,0.066851,17.735778,0.644284,0.000000
6693.474,0.223149,63.522228,0.892978,65.860824,51.284864,7.783333,1703.685760,0.355308,0.002602,1.065684,1.065734,17.609222,0.000034,696.000000,0.085771,17.543866,0.726359,0.208206
6724.576,0.224191,55.286904,0.892978,65.709480,51.952108,7.783333,1704.000896,0.756713,0.002584,1.065743,1.065833,17.324572,0.000065,701.000000,0.172163,17.575990,0.575318,0.401405
6755.686,0.225234,55.286904,0.891006,65.558136,51.952108,7.800000,1703.835776,0.609611,0.002643,1.065779,1.065781,17.530818,0.000040,692.000000,0.182883,17.343286,0.791301,0.000000
6786.768,0.226277,51.964384,0.891006,65.401948,52.252588,7.800000,1703.984000,0.780929,0.002589,1.065811,1.065828,17.291488,0.000023,711.000000,0.196326,17.801348,0.470365,0.171318
6817.904,0.227320,51.964384,0.889017,65.245760,52.252588,7.816666,1704.143616,0.572723,0.002555,1.065826,1.065877,17.395624,0.000039,675.000000,0.131676,17.494308,0.645021,0.000000
6849.008,0.228362,50.594792,0.889017,65.091652,52.729784,7.816666,1704.123520,0.369140,0.002670,1.065856,1.065871,16.755983,0.000021,711.000000,0.090959,17.462642,0.400981,0.197822
6880.111,0.229405,50.594792,0.887010,65.017824,52.729784,7.833333,1703.966592,0.369140,0.002634,1.065854,1.065822,16.824692,0.000024,716.000000,0.093610,17.504478,0.409938,0.000000
6911.252,0.230448,50.594792,0.887010,64.943992,52.729784,7.833333,1704.124928,0.197822,0.002766,1.065852,1.065872,16.824692,0.000022,729.000000,0.059346,17.504478,0.409938,0.000000
6942.337,0.231491,50.594792,0.884987,64.904436,52.729784,7.850000,1703.396224,0.197822,0.002890,1.065777,1.065644,16.824692,0.000098,709.000000,0.039564,17.504478,0.409938,0.000000
6973.453,0.232533,50.594792,0.884987,64.864868,52.729784,7.850000,1703.648384,0.000000,0.002615,1.065743,1.065723,16.824692,0.000094,727.000000,0.000000,17.504478,0.409938,0.000000
7004.566,0.233576,50.594792,0.882947,64.864868,52.729784,7.866667,1703.804032,0.000000,0.002583,1.065709,1.065771,16.824692,0.000052,720.000000,0.000000,17.504478,0.409938,0.000000
7035.609,0.234619,48.653444,0.882947,64.836440,52.848416,7.866667,1703.487232,0.142127,0.002706,1.065719,1.065672,16.436781,0.000040,714.000000,0.028425,17.016638,0.444672,0.142127
7066.758,0.235662,48.653444,0.880890,64.808020,52.848416,7.883333,1704.028672,0.142127,0.002661,1.065759,1.065841,16.392429,0.000069,707.000000,0.042638,17.017342,0.428730,0.000000
7097.899,0.236704,45.519948,0.880890,64.751296,52.937212,7.883333,1703.709568,0.283638,0.002684,1.065749,1.065742,16.443768,0.000069,676.000000,0.070940,17.345668,0.340604,0.141510
7128.982,0.237747,45.519948,0.878817,64.694564,52.937212,7.900000,1704.051456,0.283638,0.002724,1.065808,1.065849,16.711628,0.000048,738.000000,0.070878,17.579404,0.350575,0.000000
7160.089,0.238790,45.519948,0.878817,64.637832,52.937212,7.900000,1703.819520,0.141510,0.002641,1.065786,1.065776,16.711628,0.000044,731.000000,0.042453,17.579404,0.350575,0.000000
7191.208,0.239833,45.519948,0.876726,64.609536,52.937212,7.916666,1654.866560,0.141510,0.006436,1.060597,1.050354,16.711628,0.007371,416.000000,0.028302,17.579404,0.350575,0.000000
7222.300,0.240875,46.079336,0.876726,64.582320,53.554660,7.916666,1659.483776,0.005432,0.002941,1.055920,1.051818,16.004532,0.006999,679.000000,0.001086,17.328054,0.236017,0.005432
7253.420,0.241918,46.079336,0.874619,64.583404,53.554660,7.933333,1475.736064,0.005432,0.027354,1.029292,0.991879,16.238935,0.030697,141.000000,0.001629,16.883504,0.421921,0.000000
7284.509,0.242961,46.079336,0.874619,64.584488,53.554660,7.933333,1428.681088,0.005432,0.002368,1.004547,0.975937,16.238935,0.033670,737.000000,0.001629,16.883504,0.421921,0.000000
7315.600,0.244004,47.176304,0.872496,64.555228,54.654224,7.950000,1428.244736,0.151725,0.002434,0.979203,0.975788,17.235866,0.004728,766.000000,0.029258,18.118780,0.346122,0.151725
7346.662,0.245046,49.395024,0.872496,64.488236,55.872376,7.950000,1428.312320,0.340385,0.002429,0.975843,0.975811,17.194720,0.000065,750.000000,0.083249,17.881134,0.407714,0.188659
7377.763,0.246089,50.109128,0.870355,64.407280,56.318912,7.966666,1428.209536,0.404815,0.002467,0.975789,0.975776,18.803326,0.000014,773.000000,0.115001,19.663328,0.352880,0.064430
7408.914,0.247132,50.122632,0.870355,64.299552,56.651508,7.966666,1427.836928,0.538627,0.002483,0.975743,0.975649,16.436255,0.000069,760.000000,0.133034,17.418658,0.318024,0.133811
7439.961,0.248175,50.430588,0.868198,64.175828,57.201536,7.983333,1427.491584,0.466918,0.002449,0.975649,0.975531,17.317844,0.000100,756.000000,0.113208,18.270572,0.326196,0.080017
7471.043,0.249217,50.341072,0.868198,64.056916,57.719208,7.983333,1427.826688,0.405876,0.002420,0.975605,0.975645,16.632938,0.000054,744.000000,0.102558,17.574580,0.329294,0.127616
7502.175,0.250260,50.456104,0.866025,63.958784,58.554004,8.000000,1427.758464,0.426242,0.002631,0.975596,0.975622,19.921834,0.000049,735.000000,0.106011,20.745376,0.363860,0.084796
7533.146,0.251303,50.456104,0.866025,63.873528,58.554004,8.000000,1427.422592,0.292430,0.002429,0.975589,0.975507,19.920946,0.000059,747.000000,0.079727,20.742778,0.364382,0.000000
7564.430,0.252346,51.626772,0.863835,63.779156,59.271508,8.016666,1427.505024,0.391857,0.002508,0.975552,0.975535,17.434828,0.000047,656.000000,0.086851,18.179226,0.388671,0.179443
7595.384,0.253388,52.919884,0.863835,63.676624,60.422516,8.016666,1427.321856,0.385059,0.002392,0.975503,0.975473,17.083838,0.000025,767.000000,0.094956,17.892868,0.368309,0.120819
7626.535,0.254431,52.919884,0.861629,63.599608,60.422516,8.033334,1427.319168,0.300262,0.002446,0.975491,0.975472,17.098164,0.000029,759.000000,0.090078,17.883470,0.375678,0.000000
7657.605,0.255474,53.504356,0.861629,63.532220,61.041196,8.033334,1427.310592,0.336940,0.002759,0.975468,0.975469,16.561575,0.000002,594.000000,0.079470,17.199536,0.424201,0.036678
7688.695,0.256517,52.977816,0.859406,63.457508,60.912824,8.050000,1427.447680,0.194133,0.002381,0.975483,0.975516,16.374336,0.000021,760.000000,0.042494,17.576758,0.262722,0.036636
7719.803,0.257559,53.487200,0.859406,63.412404,61.246032,8.050000,1427.247232,0.104686,0.002372,0.975474,0.975447,16.231543,0.000029,740.000000,0.028268,17.216330,0.317375,0.031372
7750.880,0.258602,53.659088,0.857167,63.378944,61.501116,8.066666,1427.002240,0.167331,0.002411,0.975440,0.975363,17.791812,0.000061,722.000000,0.040267,18.615820,0.363719,0.062644
7781.945,0.259645,53.659088,0.857167,63.345472,61.501116,8.066666,1426.994304,0.130653,0.002352,0.975388,0.975361,17.669614,0.000039,730.000000,0.035532,18.490622,0.364635,0.000000
7813.048,0.260688,47.925872,0.854911,63.291240,55.844344,8.083333,1427.199360,0.234516,0.002423,0.975383,0.975431,16.817716,0.000031,778.000000,0.053167,17.635632,0.365580,0.140499
7844.166,0.261730,47.925872,0.854911,63.244336,55.844344,8.083333,1426.917888,0.203144,0.002321,0.975373,0.975335,16.925532,0.000040,750.000000,0.054678,17.739280,0.366858,0.000000
7875.210,0.262773,48.255396,0.852640,63.195404,55.704000,8.100000,1426.825088,0.182010,0.002408,0.975353,0.975303,17.235760,0.000053,766.000000,0.050452,18.074058,0.359382,0.041511
7906.257,0.263816,48.379752,0.852640,63.166272,55.900388,8.100000,1426.889856,0.182010,0.002330,0.975319,0.975325,17.554476,0.000013,748.000000,0.033289,18.192948,0.424024,0.036319
7937.428,0.264859,48.554948,0.850352,63.135052,55.704000,8.116667,1427.139712,0.041511,0.002499,0.975344,0.975410,17.526988,0.000046,786.000000,0.003634,18.172572,0.421572,0.010383
7968.534,0.265901,48.132740,0.850352,63.129864,55.195792,8.116667,1426.902528,0.041511,0.002382,0.975353,0.975329,17.688652,0.000039,759.000000,0.002596,18.097094,0.509636,0.010375
7999.511,0.266944,48.132740,0.848048,63.124672,55.195792,8.133333,1426.991360,0.036319,0.002362,0.975365,0.975360,17.713406,0.000033,720.000000,0.001036,18.071052,0.530228,0.000000
8030.697,0.267987,48.580484,0.848048,63.125708,55.647760,8.133333,1427.064960,0.031135,0.002433,0.975356,0.975385,17.651192,0.000022,772.000000,0.007264,18.195940,0.457416,0.010375
8061.761,0.269030,48.580484,0.845727,63.119484,55.647760,8.149999,1426.813440,0.020751,0.002434,0.975345,0.975299,17.597160,0.000035,770.000000,0.005187,18.205924,0.434391,0.000000
8092.853,0.270073,48.580484,0.845727,63.115332,55.647760,8.149999,1426.849024,0.010375,0.002405,0.975329,0.975311,17.597160,0.000037,755.000000,0.003112,18.205924,0.434391,0.000000
8123.839,0.271115,48.580484,0.843391,63.113260,55.647760,8.166667,1426.860288,0.010375,0.002442,0.975306,0.975315,17.597160,0.000007,770.000000,0.002075,18.205924,0.434391,0.000000
8155.039,0.272158,48.580484,0.843391,63.111184,55.647760,8.166667,1426.529536,0.000000,0.002429,0.975274,0.975202,17.597160,0.000052,776.000000,0.000000,18.205924,0.434391,0.000000
8186.123,0.273201,48.580484,0.841039,63.111184,55.647760,8.183333,1426.531456,0.000000,0.002356,0.975238,0.975203,17.597160,0.000052,770.000000,0.000000,18.205924,0.434391,0.000000
8217.199,0.274244,48.873768,0.841039,63.107036,56.235456,8.183333,1426.992256,0.020736,0.002517,0.975253,0.975360,16.927234,0.000073,753.000000,0.004147,17.855782,0.332985,0.020736
8248.309,0.275286,48.873768,0.838670,63.102892,56.235456,8.200000,1426.721920,0.020736,0.002387,0.975274,0.975268,16.932340,0.000064,757.000000,0.006221,17.877458,0.328320,0.000000
8279.412,0.276329,48.872732,0.838670,63.085276,57.392800,8.200000,1607.663104,0.088043,0.007432,0.995065,1.035265,17.456270,0.027936,55.000000,0.019682,18.139352,0.408830,0.067306
8310.530,0.277372,48.872732,0.836286,63.067668,57.392800,8.216666,1648.792448,0.088043,0.008101,1.019239,1.048424,17.485572,0.031565,243.000000,0.024339,18.099504,0.432573,0.000000
8341.613,0.278415,48.872732,0.836286,63.050060,57.392800,8.216666,1653.902848,0.067306,0.009948,1.043516,1.050048,17.485572,0.006324,47.000000,0.020191,18.099504,0.432573,0.000000
8372.769,0.279457,48.872732,0.833885,63.036600,57.392800,8.233333,1671.686912,0.067306,0.002810,1.050551,1.055679,17.485572,0.003624,661.000000,0.013461,18.099504,0.432573,0.000000
8403.761,0.280500,49.117956,0.833885,63.009704,57.827600,8.233333,1671.163008,0.067161,0.002880,1.053094,1.055513,17.128774,0.003534,682.000000,0.013432,18.136232,0.311261,0.067161
8434.997,0.281543,49.291200,0.831469,62.981844,57.800520,8.250000,1565.450240,0.139328,0.004777,1.044122,1.021583,17.612104,0.016222,27.000000,0.034581,18.250170,0.424165,0.072166
8466.110,0.282586,52.773296,0.831469,62.935468,59.271508,8.250000,1510.217344,0.231872,0.001806,1.026696,1.003399,17.260560,0.021629,721.000000,0.060307,17.862094,0.436943,0.092544
8497.216,0.283628,52.773296,0.829037,62.889092,59.271508,8.266666,1509.613568,0.231872,0.001831,1.009258,1.003199,17.228752,0.008430,696.000000,0.062845,17.812954,0.443114,0.000000
8528.315,0.284671,52.773296,0.829037,62.842720,59.271508,8.266666,1509.527424,0.164711,0.001851,1.003254,1.003170,17.228752,0.000101,686.000000,0.042196,17.812954,0.443114,0.000000
8559.423,0.285714,52.773296,0.826589,62.809772,59.271508,8.283334,1508.915712,0.092544,0.001745,1.003111,1.002967,17.228752,0.000102,714.000000,0.018508,17.812954,0.443114,0.000000
8590.523,0.286757,53.430756,0.826589,62.770764,59.535052,8.283334,1508.219392,0.102508,0.001768,1.002956,1.002736,17.692926,0.000177,696.000000,0.020501,18.232090,0.459470,0.102508
8621.654,0.287799,53.665580,0.824126,62.759484,60.526068,8.300000,1507.993856,0.102508,0.001797,1.002787,1.002661,16.955258,0.000130,716.000000,0.021534,17.858634,0.340178,0.046089
8652.775,0.288842,53.347076,0.824126,62.727732,61.169296,8.300000,1507.909632,0.158744,0.001759,1.002675,1.002633,17.316600,0.000043,695.000000,0.037390,17.944432,0.427714,0.102325
8683.857,0.289885,52.843648,0.821646,62.683740,60.706860,8.316666,1507.541760,0.219978,0.001767,1.002600,1.002510,16.896998,0.000065,680.000000,0.049619,17.753938,0.353791,0.061233
8714.979,0.290928,52.268860,0.821646,62.631592,60.084740,8.316666,1507.067008,0.204315,0.001860,1.002497,1.002352,16.887018,0.000114,708.000000,0.048001,17.453860,0.449363,0.040756
8745.977,0.291970,51.410888,0.819152,62.598928,59.587624,8.333333,1506.928640,0.209407,0.001735,1.002389,1.002306,16.499454,0.000087,672.000000,0.052080,17.448426,0.327243,0.005092
8777.180,0.293013,51.321552,0.819152,62.547888,59.218660,8.333333,1507.015040,0.152862,0.001799,1.002331,1.002335,16.840456,0.000018,697.000000,0.035157,17.674390,0.360703,0.045780
8808.266,0.294056,51.093344,0.816641,62.518332,59.297916,8.350000,1506.958336,0.091629,0.001791,1.002319,1.002316,16.580221,0.000011,677.000000,0.022396,17.205012,0.428773,0.005084
8839.403,0.295099,51.152428,0.816641,62.498984,59.403428,8.350000,1506.915968,0.055953,0.001796,1.002317,1.002302,16.904870,0.000013,681.000000,0.015260,17.464274,0.452062,0.010166
8870.519,0.296141,51.161756,0.814115,62.483736,59.165760,8.366667,1506.553728,0.071182,0.001756,1.002266,1.002182,16.347767,0.000060,679.000000,0.014744,17.237788,0.344048,0.020320
8901.629,0.297184,50.972004,0.814115,62.462392,59.139292,8.366667,1506.923520,0.066020,0.001855,1.002262,1.002305,16.743084,0.000057,704.000000,0.015235,17.441848,0.403596,0.035533
8932.754,0.298227,50.972004,0.811574,62.450208,59.139292,8.383333,1506.310144,0.066020,0.001864,1.002195,1.002101,16.648434,0.000083,708.000000,0.018789,17.455716,0.368848,0.000000
8963.848,0.299270,50.783416,0.811574,62.435992,59.350692,8.383333,1506.590976,0.060924,0.001838,1.002199,1.002194,17.119902,0.000083,704.000000,0.015738,17.406230,0.560196,0.005069
8994.944,0.300312,52.025640,0.809017,62.407592,59.561344,8.400000,1506.517760,0.121654,0.001809,1.002153,1.002170,16.494574,0.000039,678.000000,0.024837,17.833116,0.232877,0.081050
9026.074,0.301355,51.352644,0.809017,62.388324,58.580736,8.400000,1506.315776,0.086120,0.001855,1.002154,1.002103,17.236082,0.000038,725.000000,0.020774,18.157176,0.335102,0.025306
9057.206,0.302398,51.407208,0.806444,62.373120,58.980244,8.416667,1505.956096,0.086120,0.001764,1.002084,1.001983,17.299122,0.000077,694.000000,0.020774,18.229538,0.332457,0.015186
9088.299,0.303441,51.407208,0.806444,62.357920,58.980244,8.416667,1506.450816,0.081050,0.001863,1.002076,1.002148,17.142846,0.000069,725.000000,0.013174,17.923682,0.377081,0.000000
9119.390,0.304483,51.488612,0.803856,62.330588,59.165760,8.433333,1506.552960,0.080905,0.001696,1.002103,1.002182,17.687882,0.000087,711.000000,0.012638,18.365716,0.410595,0.065719
9150.513,0.305526,51.082740,0.803856,62.321496,58.847376,8.433333,1506.548992,0.080905,0.001758,1.002169,1.002180,16.483767,0.000015,668.000000,0.020732,17.647812,0.271720,0.010101
9181.624,0.306569,51.555376,0.801253,62.295220,58.847376,8.450000,1506.439680,0.116180,0.001778,1.002167,1.002144,17.137588,0.000017,684.000000,0.028797,18.197218,0.297571,0.060562
9212.722,0.307612,51.867200,0.801253,62.258888,59.139292,8.450000,1506.284672,0.181655,0.001713,1.002138,1.002092,17.743626,0.000035,700.000000,0.041377,18.263884,0.466476,0.065475
9243.837,0.308654,51.724504,0.798635,62.217528,59.561344,8.466666,1506.212480,0.151184,0.001786,1.002100,1.002068,17.622746,0.000031,711.000000,0.040820,17.971208,0.534017,0.025146
9274.859,0.309697,50.759160,0.798635,62.155220,60.188872,8.466666,1506.157696,0.321640,0.001796,1.002069,1.002050,17.776202,0.000017,719.000000,0.073390,18.437036,0.416351,0.170455
9306.053,0.310740,50.609560,0.796002,62.089892,60.912824,8.483334,1506.249472,0.266075,0.001812,1.002065,1.002081,17.228458,0.000012,701.000000,0.072775,18.165872,0.330482,0.004997
9337.156,0.311783,49.742840,0.796002,62.017712,61.552008,8.483334,1506.342144,0.295433,0.001773,1.002080,1.002111,17.673662,0.000025,703.000000,0.076631,18.079212,0.510791,0.094833
9368.294,0.312825,50.259120,0.793353,61.959616,60.861396,8.500000,1506.283904,0.270286,0.001890,1.002093,1.002092,17.685500,0.000013,711.000000,0.063043,18.356330,0.412959,0.004985
9399.393,0.313868,49.993472,0.793353,61.900584,61.399212,8.500000,1506.323584,0.124736,0.001753,1.002102,1.002105,17.339614,0.000008,672.000000,0.033932,18.235398,0.342374,0.029891
9430.489,0.314911,51.063584,0.790689,61.868664,62.611152,8.516666,1505.954560,0.154579,0.001811,1.002059,1.001982,17.027458,0.000054,703.000000,0.033406,17.902272,0.348499,0.034839
9461.618,0.315954,50.121372,0.790689,61.857676,62.736048,8.516666,1505.913216,0.099639,0.001768,1.002018,1.001969,16.996476,0.000061,699.000000,0.001505,17.586532,0.441022,0.099639
9492.739,0.316996,48.432328,0.788010,61.849712,63.208412,8.533334,1505.856768,0.099639,0.001837,1.001966,1.001950,17.176864,0.000014,722.000000,0.002485,17.726698,0.455553,0.079734
9523.822,0.318039,48.432328,0.788010,61.840748,63.208412,8.533334,1505.737984,0.099639,0.001731,1.001942,1.001910,17.188326,0.000024,679.000000,0.000996,17.778426,0.441007,0.000000
9554.940,0.319082,48.470616,0.785316,61.832788,62.785944,8.550000,1505.837952,0.104610,0.001752,1.001933,1.001944,17.118502,0.000016,697.000000,0.008967,17.595170,0.482950,0.024875
9586.064,0.320125,47.589276,0.785316,61.814904,62.661140,8.550000,1505.731328,0.189037,0.001832,1.001920,1.001908,16.942538,0.000016,710.000000,0.040295,17.696504,0.385599,0.084426
9617.178,0.321167,48.153288,0.782608,61.774120,63.307408,8.566667,1505.428096,0.124179,0.001737,1.001885,1.001807,16.440016,0.000057,686.000000,0.035766,17.664028,0.257775,0.014877
9648.282,0.322210,48.063612,0.782608,61.750284,63.406248,8.566667,1505.412608,0.124179,0.001778,1.001838,1.001802,16.714205,0.000049,695.000000,0.033774,17.520440,0.369171,0.004959
9679.396,0.323253,48.103348,0.779884,61.721476,63.529584,8.583333,1505.234048,0.119125,0.001714,1.001782,1.001743,17.081894,0.000029,677.000000,0.024816,17.647818,0.449695,0.024780
9710.507,0.324296,48.103348,0.779884,61.697656,63.529584,8.583333,1505.732864,0.034698,0.001800,1.001816,1.001909,17.090530,0.000068,688.000000,0.008921,17.688436,0.438230,0.000000
9741.594,0.325338,48.029616,0.777145,61.691704,64.386308,8.600000,1505.352064,0.024780,0.001781,1.001810,1.001782,16.473478,0.000070,684.000000,0.005451,17.210038,0.391202,0.004955
9772.701,0.326381,47.675192,0.777145,61.680808,64.020544,8.600000,1505.041920,0.059440,0.001807,1.001788,1.001679,16.354889,0.000094,697.000000,0.011392,17.337544,0.317956,0.039615
9803.852,0.327424,47.675192,0.774392,61.668924,64.020544,8.616667,1505.166208,0.039615,0.001779,1.001725,1.001720,16.320957,0.000043,685.000000,0.010398,17.370984,0.300051,0.000000
9834.950,0.328467,47.761336,0.774392,61.658032,63.824616,8.616667,1505.339648,0.059402,0.001818,1.001724,1.001778,16.609369,0.000040,649.000000,0.014850,17.064196,0.491371,0.019786
9866.062,0.329509,48.093252,0.771624,61.649120,64.240248,8.633333,1505.240192,0.059402,0.001804,1.001746,1.001745,16.541185,0.000023,711.000000,0.011880,17.311870,0.380281,0.009891
9897.148,0.330552,48.223420,0.771624,61.639220,64.044992,8.633333,1504.936320,0.019786,0.001845,1.001720,1.001644,16.400545,0.000056,692.000000,0.002968,17.158440,0.384345,0.000000
9928.274,0.331595,47.785852,0.768841,61.647136,63.971620,8.650000,1504.637824,0.059402,0.001802,1.001642,1.001544,16.314564,0.000081,696.000000,0.008912,17.465188,0.274929,0.049510
9959.367,0.332638,47.924360,0.768841,61.649120,64.167100,8.650000,1504.589952,0.059402,0.001776,1.001570,1.001528,16.848786,0.000051,684.000000,0.010888,17.611990,0.382653,0.029716
9990.511,0.333680,48.183804,0.766044,61.649120,64.556288,8.666667,1504.543872,0.059402,0.001787,1.001527,1.001513,16.493746,0.000012,709.000000,0.000001,17.377024,0.346016,0.029685
10021.609,0.334723,48.183804,0.766044,61.647144,64.556288,8.666667,1504.461056,0.059402,0.001743,1.001508,1.001485,16.678263,0.000017,708.000000,0.007918,17.418744,0.389935,0.000000
10052.712,0.335766,47.940472,0.763232,61.645164,64.142700,8.683333,1504.639744,0.059402,0.001856,1.001513,1.001545,17.191346,0.000023,698.000000,0.014849,17.724304,0.461761,0.000000
10083.811,0.336809,48.163928,0.763232,61.637244,64.264616,8.683333,1504.438144,0.029685,0.001774,1.001501,1.001478,16.403969,0.000029,682.000000,0.001979,17.725078,0.236524,0.019786
10115.088,0.337851,48.480800,0.760405,61.625372,64.870788,8.700000,1504.535936,0.049442,0.001769,1.001509,1.001510,17.209460,0.000027,688.000000,0.003952,18.010684,0.370721,0.049442
10146.026,0.338894,48.753684,0.760405,61.619440,65.039504,8.700000,1504.243712,0.049442,0.001742,1.001465,1.001413,16.828452,0.000040,697.000000,0.008896,17.763702,0.331091,0.000000
10177.141,0.339937,49.271148,0.757565,61.610548,65.303740,8.716666,1504.502144,0.064262,0.001833,1.001472,1.001499,17.459058,0.000043,713.000000,0.013839,18.289880,0.361646,0.014820
10208.184,0.340980,49.447440,0.757565,61.600668,65.255784,8.716666,1504.440704,0.069198,0.001764,1.001462,1.001479,16.965928,0.000037,709.000000,0.015321,17.853254,0.344833,0.004936
10239.365,0.342022,50.254524,0.754709,61.579916,65.351676,8.733334,1504.511104,0.054298,0.001861,1.001492,1.001502,17.099822,0.000010,694.000000,0.012835,17.594158,0.476219,0.034542
10270.453,0.343065,50.254524,0.754709,61.569052,65.351676,8.733334,1504.343424,0.054298,0.001733,1.001474,1.001446,17.175630,0.000022,698.000000,0.014807,17.677470,0.473383,0.000000
10301.597,0.344108,50.254524,0.751839,61.558196,65.351676,8.750000,1504.251648,0.039478,0.001729,1.001453,1.001416,17.175630,0.000035,692.000000,0.011349,17.677470,0.473383,0.000000
10332.695,0.345151,49.847612,0.751839,61.553260,64.943144,8.750000,1504.484224,0.034542,0.001848,1.001450,1.001493,17.348012,0.000032,714.000000,0.003948,18.175550,0.362643,0.014801
10363.803,0.346193,49.981468,0.748955,61.536500,63.873652,8.766666,1504.094336,0.064079,0.001828,1.001423,1.001363,16.881098,0.000053,695.000000,0.008375,17.332458,0.492719,0.064079
10394.839,0.347236,50.253228,0.748955,61.518768,63.406248,8.766666,1504.066176,0.103443,0.001833,1.001402,1.001354,17.037306,0.000063,730.000000,0.022656,18.026164,0.316271,0.039363
10426.026,0.348279,50.253228,0.746057,61.501036,63.406248,8.783334,1503.957120,0.103443,0.001684,1.001344,1.001318,17.026838,0.000018,677.000000,0.028072,17.941314,0.336991,0.000000
10457.127,0.349322,50.253228,0.746057,61.483308,63.406248,8.783334,1503.993472,0.103443,0.001743,1.001333,1.001330,17.026838,0.000014,684.000000,0.024625,17.941314,0.336991,0.000000
10488.253,0.350364,50.062276,0.743144,61.455740,63.233172,8.800000,1503.530112,0.073768,0.001803,1.001274,1.001176,17.169562,0.000070,684.000000,0.014753,17.750972,0.444114,0.034404
10519.294,0.351407,50.473808,0.743144,61.435100,63.652676,8.800000,1503.775232,0.063861,0.001758,1.001253,1.001257,17.300520,0.000062,698.000000,0.016212,17.820276,0.466664,0.029457
10550.457,0.352450,49.635436,0.740218,61.415460,63.873652,8.816667,1503.589632,0.098194,0.001772,1.001208,1.001195,16.900724,0.000034,696.000000,0.026025,17.793906,0.343129,0.034332
10581.517,0.353493,49.686268,0.740218,61.387000,63.282672,8.816667,1503.669632,0.142280,0.001776,1.001223,1.001222,17.404276,0.000025,698.000000,0.034835,17.909038,0.472281,0.044086
10612.672,0.354535,49.686268,0.737277,61.358544,63.282672,8.833333,1503.806720,0.107875,0.001757,1.001227,1.001268,17.334680,0.000029,684.000000,0.029417,17.834008,0.474331,0.000000
10643.794,0.355578,49.686268,0.737277,61.336968,63.282672,8.833333,1503.780864,0.078418,0.001747,1.001248,1.001259,17.334680,0.000019,690.000000,0.020092,17.834008,0.474331,0.000000
10674.829,0.356621,49.472604,0.734322,61.315420,62.661140,8.850000,1503.827328,0.073440,0.001709,1.001266,1.001274,16.651770,0.000005,689.000000,0.014688,17.267950,0.431784,0.029354
10706.018,0.357664,49.472604,0.734322,61.300728,62.661140,8.850000,1503.831168,0.029354,0.001715,1.001268,1.001276,16.684614,0.000007,699.000000,0.008806,17.259800,0.446351,0.000000
10737.143,0.358706,50.396612,0.731353,61.280200,62.611152,8.866667,1499.531776,0.102619,0.002658,1.000787,0.999843,17.400782,0.000687,511.000000,0.023459,17.813768,0.507823,0.073265
10768.230,0.359749,50.396612,0.731353,61.259680,62.611152,8.866667,1431.024128,0.102619,0.005758,0.992591,0.976737,17.468502,0.011264,409.000000,0.027850,17.806302,0.538443,0.000000
10799.329,0.360792,50.396612,0.728371,61.239156,62.611152,8.883333,1444.599936,0.073265,0.001874,0.985952,0.981359,17.468502,0.009986,694.000000,0.021979,17.806302,0.538443,0.000000
10830.435,0.361835,53.102744,0.728371,61.217676,63.307408,8.883333,1444.288384,0.107395,0.001865,0.979764,0.981253,16.691713,0.002178,711.000000,0.021479,17.069288,0.522075,0.034130
10861.543,0.362878,55.497420,0.725374,61.189380,63.898160,8.900000,1443.771008,0.068222,0.001886,0.981228,0.981078,17.371676,0.000116,672.000000,0.017057,17.842512,0.485187,0.034091
10892.673,0.363920,55.497420,0.725374,61.175740,63.898160,8.900000,1443.514240,0.068222,0.001842,0.981106,0.980990,17.307128,0.000109,711.000000,0.020466,17.883196,0.446034,0.000000
10923.777,0.364963,55.849188,0.722363,61.153340,63.009956,8.916667,1443.435776,0.111999,0.001878,0.981009,0.980964,16.578814,0.000048,714.000000,0.025809,17.362570,0.376165,0.043777
10954.881,0.366006,56.515440,0.722363,61.119284,64.240248,8.916667,1443.313792,0.136138,0.001847,0.980957,0.980922,17.467646,0.000028,691.000000,0.031605,18.005736,0.459866,0.058269
10985.999,0.367049,56.705624,0.719339,61.090112,64.069436,8.933333,1443.245824,0.111747,0.001897,0.980927,0.980899,17.138818,0.000026,716.000000,0.032554,17.909824,0.380179,0.009700
11017.096,0.368091,56.705624,0.719339,61.067760,64.069436,8.933333,1453.951232,0.111747,0.006629,0.981964,0.984530,17.138818,0.001492,147.000000,0.029146,17.909824,0.380179,0.000000
11048.221,0.369134,56.705624,0.716301,61.045416,64.069436,8.950000,1668.738560,0.067970,0.011320,1.005969,1.054747,17.138818,0.033235,65.000000,0.014564,17.909824,0.380179,0.000000
11079.360,0.370177,58.927244,0.716301,61.005688,64.191492,8.950000,1718.259200,0.140365,0.002461,1.035763,1.070283,17.199968,0.037229,709.000000,0.028073,17.918088,0.397209,0.130664
11110.472,0.371220,59.612368,0.713250,60.961220,63.996088,8.966666,1718.344960,0.212650,0.002591,1.064508,1.070310,16.987534,0.008182,723.000000,0.055596,17.539662,0.454714,0.081985
11141.604,0.372262,59.884736,0.713250,60.912916,64.264616,8.966666,1718.882560,0.241531,0.002557,1.070354,1.070477,17.284958,0.000085,728.000000,0.069571,17.669914,0.519080,0.028881
11172.716,0.373305,60.792908,0.710185,60.847308,64.410620,8.983334,1718.783104,0.328014,0.002472,1.070409,1.070446,17.294912,0.000073,733.000000,0.076689,17.983142,0.407107,0.086483
11203.841,0.374348,59.499232,0.710185,60.772116,63.677268,8.983334,1718.663680,0.245288,0.002473,1.070442,1.070409,16.639845,0.000028,752.000000,0.060594,17.607550,0.322050,0.047939
11234.964,0.375391,59.365660,0.707106,60.724020,63.381552,9.000000,1718.988032,0.163303,0.002459,1.070453,1.070510,16.812576,0.000042,699.000000,0.045145,17.517824,0.401447,0.004787
11266.072,0.376433,59.337308,0.707106,60.693276,63.084448,9.000000,1718.793344,0.134422,0.002528,1.070454,1.070449,16.931998,0.000042,748.000000,0.029283,17.882624,0.326781,0.004791
11297.178,0.377476,59.337308,0.704014,60.668304,63.084448,9.016666,1719.306112,0.047939,0.002544,1.070520,1.070609,16.863598,0.000065,697.000000,0.006714,17.848196,0.317427,0.000000
11328.360,0.378519,59.337308,0.704014,60.660632,63.084448,9.016666,1719.248256,0.009578,0.002462,1.070547,1.070591,16.863598,0.000071,711.000000,0.002394,17.848196,0.317427,0.000000
11359.484,0.379562,59.337308,0.700909,60.662548,63.084448,9.033334,1719.041536,0.004791,0.002536,1.070573,1.070526,16.863598,0.000035,697.000000,0.000958,17.848196,0.317427,0.000000
11390.612,0.380604,59.337308,0.700909,60.663504,63.084448,9.033334,1719.387520,0.000000,0.002563,1.070582,1.070634,16.863598,0.000045,725.000000,0.000000,17.848196,0.317427,0.000000
11421.708,0.381647,59.337308,0.697790,60.663504,63.084448,9.050000,1719.268992,0.000000,0.002447,1.070584,1.070597,16.863598,0.000045,731.000000,0.000000,17.848196,0.317427,0.000000
11452.854,0.382690,61.421080,0.697790,60.678856,62.536096,9.050000,1719.254144,0.076766,0.002591,1.070606,1.070593,16.867764,0.000019,735.000000,0.015353,17.580976,0.398821,0.076766
11483.969,0.383733,63.973916,0.694658,60.716348,62.008144,9.066667,1719.215872,0.187458,0.002468,1.070588,1.070581,16.979060,0.000007,713.000000,0.045168,17.730442,0.386427,0.110691
11515.078,0.384775,66.091484,0.694658,60.764456,62.109052,9.066667,1719.206400,0.240539,0.002573,1.070581,1.070578,16.865112,0.000006,741.000000,0.066853,17.588220,0.395577,0.053081
11546.180,0.385818,66.091484,0.691513,60.812568,62.109052,9.083333,1719.230592,0.240539,0.002566,1.070578,1.070585,16.925128,0.000003,710.000000,0.064485,17.671446,0.388053,0.000000
11577.346,0.386861,70.668432,0.691513,60.885840,61.424700,9.083333,1718.886656,0.289608,0.002556,1.070544,1.070478,16.856104,0.000048,697.000000,0.063229,17.872778,0.308804,0.125835
11608.464,0.387904,70.668432,0.688354,60.943764,61.424700,9.100000,1719.165568,0.178916,0.002485,1.070539,1.070565,16.867262,0.000046,740.000000,0.048366,17.855098,0.316547,0.000000
11639.517,0.388946,70.668432,0.688354,60.979544,61.424700,9.100000,1719.238656,0.125835,0.002413,1.070541,1.070588,16.867262,0.000048,700.000000,0.037750,17.855098,0.316547,0.000000
11670.719,0.389989,70.919832,0.685182,61.007620,61.501116,9.116667,1719.531264,0.140388,0.002583,1.070608,1.070679,17.027498,0.000049,690.000000,0.028077,17.537162,0.470438,0.014553
11701.829,0.391032,70.919832,0.685182,61.035704,61.501116,9.116667,1719.696128,0.014553,0.002514,1.070664,1.070730,16.936266,0.000058,717.000000,0.004365,17.480672,0.457542,0.000000
11732.964,0.392075,70.919832,0.681998,61.038612,61.501116,9.133333,1719.614976,0.014553,0.002590,1.070702,1.070705,16.936266,0.000020,711.000000,0.004365,17.480672,0.457542,0.000000
11764.090,0.393117,70.919832,0.681998,61.041524,61.501116,9.133333,1719.811712,0.014553,0.002598,1.070731,1.070766,16.936266,0.000024,718.000000,0.002910,17.480672,0.457542,0.000000
11795.209,0.394160,71.960440,0.678800,61.052204,61.424700,9.150000,1719.785600,0.038841,0.002558,1.070740,1.070758,17.076428,0.000026,714.000000,0.007768,17.968278,0.343515,0.038841
11826.263,0.395203,71.960440,0.678800,61.059976,61.424700,9.150000,1719.628928,0.038841,0.002532,1.070741,1.070709,17.131598,0.000024,703.000000,0.011652,17.950026,0.365423,0.000000
11857.450,0.396246,71.960440,0.675590,61.067740,61.424700,9.166667,1719.614720,0.038841,0.002567,1.070721,1.070705,17.131598,0.000024,687.000000,0.011652,17.950026,0.365423,0.000000
11888.572,0.397288,75.932256,0.675590,61.112536,60.964204,9.166667,1719.530496,0.224014,0.002545,1.070694,1.070679,17.600728,0.000013,703.000000,0.044802,18.057196,0.490734,0.185173
11919.699,0.398331,75.932256,0.672366,61.157340,60.964204,9.183333,1719.498752,0.185173,0.002492,1.070681,1.070669,17.488688,0.000014,697.000000,0.055551,18.094252,0.435520,0.000000
11950.766,0.399374,75.932256,0.672366,61.194376,60.964204,9.183333,1719.539200,0.185173,0.002493,1.070674,1.070681,17.488688,0.000004,704.000000,0.055551,18.094252,0.435520,0.000000
11981.938,0.400417,75.932256,0.669130,61.231416,60.964204,9.200000,1719.773952,0.185173,0.002502,1.070700,1.070754,17.488688,0.000037,712.000000,0.037034,18.094252,0.435520,0.000000
12013.072,0.401459,79.512264,0.669130,61.308664,60.162856,9.200000,1719.550720,0.201057,0.002659,1.070705,1.070685,17.144296,0.000034,727.000000,0.040211,18.040946,0.342123,0.201057
12044.217,0.402502,79.512264,0.665881,61.348868,60.162856,9.216666,1719.067520,0.201057,0.002595,1.070656,1.070535,17.128924,0.000092,735.000000,0.060317,18.089518,0.324013,0.000000
12075.287,0.403545,79.512264,0.665881,61.389088,60.162856,9.216666,1660.709120,0.201057,0.016750,1.063333,1.052206,17.128924,0.010286,72.000000,0.060317,18.089518,0.324013,0.000000
